id;camping;hike;road_trip;international;solo_travel
1;Branding back-end circuit;project Diverse Car;Granite metrics;Vermont Small Keyboard;Soap
2;virtual;Frozen;neutral Haiti Dinar;edge quantify;GB synergistic Buckinghamshire
3;Kenya e-business;Fresh Frozen;plum Group;orchestrate transmitting digital;bypass
4;Unbranded Security Associate;invoice out-of-the-box;COM supply-chains;Movies;compress Sports
5;program index transmitter;Lilangeni;Directives;Cambridgeshire Djibouti transmitter;Accountability Central
6;24/7 Granite Bedfordshire;bypass;Marketing Beauty;Direct;Fresh Movies
7;engineer;azure Account Assistant;up;Administrator Sausages;Bedfordshire bluetooth bypassing
8;Account;Cotton bypassing;architectures navigate;transmitting Tuna Functionality;Franc
9;redundant;Rubber;structure;index solutions Reduced;metrics solid protocol
10;Grocery Heights hacking;Computer engineer Metal;program;Practical Coordinator;program ubiquitous
